{"cameraMode":{"drawMode":0,"name":"Shaded","section":"Shading Mode"},"sceneLighting":true,"audioPlay":false,"sceneViewState":{"m_AlwaysRefresh":false,"showFog":true,"showSkybox":true,"showFlares":true,"showImageEffects":true,"showParticleSystems":true,"showVisualEffectGraphs":true,"m_FxEnabled":true},"in2DMode":false,"pivot":{"x":-0.06227460503578186,"y":-4.7156147956848148,"z":-15.778693199157715},"rotation":{"x":0.0005197263672016561,"y":0.9875360727310181,"z":-0.1571490615606308,"w":0.0032601470593363048},"size":11.57875919342041,"orthographic":false}